{
    "data": [
        {
            "x": [ 0,1]
            ,
            "y": [0]
        }
    ],
    "names": [
        "node_inputs_0", "node_inputs_1"],
    "historys": [1,1],
    "types": 2,
    "bounds": [
        [0.06976744186046512, 1.0], [0.4, 3.267816],
        [0, 0.541045], [0, 0.541045], [0, 0.541045], [0, 0.541045], [0, 0.541045], [0, 0.542024], [0, 0.542086], [0.069767, 0.542258],
        [0, 1.210133], [0, 1.22667], [0, 1.22667], [0, 1.253752], [0, 1.257164], [0, 1.259484], [0, 1.259484], [0.083082, 1.259484],
        [0.111155, 0.181901], [0.277716, 0.450283], [0.48716, 0.709534], [0.728962, 1.076598], [1.13929, 1.728878], [1.919781, 2.395588],
        [0, 1]
    ]
}