{
    "data": [
        {
            "x": [
                0.43023255813953487, 1.573854,
                0.23125, 0.23125, 0.23125, 0.23125, 0.23125, 0.23125, 0.23125, 0.23125,
                0.504, 0.504, 0.504, 0.504, 0.504, 0.504, 0.504, 0.504,
                0.153233, 0.380457, 0.605353, 0.93195, 1.437556, 2.158495,
                0.5],
            "y": [40.69232676, 54.38638799, 58.96950934, 64.51472472, 56.42297012, 51.73141217]
        }
    ],
    "names": [
        "x_prev_bitrate_0", "x_buffer_0",
        "x_throughput_0", "x_throughput_1", "x_throughput_2", "x_throughput_3", "x_throughput_4", "x_throughput_5", "x_throughput_6", "x_throughput_7",
        "x_latency_0", "x_latency_1", "x_latency_2", "x_latency_3", "x_latency_4", "x_latency_5", "x_latency_6", "x_latency_7",
        "x_next_size_0", "x_next_size_1", "x_next_size_2", "x_next_size_3", "x_next_size_4", "x_next_size_5",
        "x_remaining_chunks_0"
    ],
    "historys": [1, 1, 8, 8, 6, 1],
    "types": 6,
    "bounds": [
        [0.06976744186046512, 1.0], [0.4, 3.267816],
        [0, 0.541045], [0, 0.541045], [0, 0.541045], [0, 0.541045], [0, 0.541045], [0, 0.542024], [0, 0.542086], [0.069767, 0.542258],
        [0, 1.210133], [0, 1.22667], [0, 1.22667], [0, 1.253752], [0, 1.257164], [0, 1.259484], [0, 1.259484], [0.083082, 1.259484],
        [0.111155, 0.181901], [0.277716, 0.450283], [0.48716, 0.709534], [0.728962, 1.076598], [1.13929, 1.728878], [1.919781, 2.395588],
        [0, 1]
    ]
}