Features,Historys,Result,Time
0,1,don't keep,356.96139001846313
1,1,don't keep,477.2186677455902
2,1,keep,4537.216130971909
3,1,keep,2656.3111350536346
4,1,keep,107.77634286880493
5,1,keep,560.4238257408142
