Features,Historys,Result,Time
0,1,keep,6.83164644241333
1,1,keep,8.72948670387268
2,1,don't keep,4.493186712265015
3,1,keep,17.39465069770813
