{
    "data": [
        {
            "x": [
                -0.00017274093439991232, 8.954199665290979, 0.7078384798099763,
                -0.07478046026397497, 8.725150541621998, 0.5473441108545035,
                -0.27265440646998274, 7.190949927765572, 0.4394299287410926,
                -0.6413928267803382, 3.6492647674412257, 0.4109195402298851,
                -0.022089572254140398, 1.0, 0.925925925925926,
                -3.737742618889971e-16, 1.0, 1.277777777777778,
                0.0, 1.0, 1.4210526315789473,
                0.0, 1.0, 1.5,
                0.0, 1.0000000000000002, 1.76,
                0.0, 1.0000000000000002, 1.7499999999999998
            ],
            "y": [-1.7094287]
        }, {
            "x": [
                -0.0016387954320746744, 1.1872336220865727, 1.0476190476190477,
                -0.00023287955509714543, 1.1873485446024283, 1.0476190476190477,
                -0.00914917710015538, 1.1875940632581854, 1.0714285714285714,
                0.0017593957380473166, 1.1907855197556232, 1.1428571428571428,
                0.0023303229047073994, 1.187171900918049, 1.047619047619048,
                -0.0007958808725097325, 1.1877538862270347, 1.0,
                -0.0035780517693784542, 1.1879384104676327, 0.976190476190476,
                -0.019381072179961538, 1.1812783620976346, 1.0,
                -0.02024182624496566, 1.1442520765727724, 0.976190476190476,
                -0.03031969215898788, 1.1142251372626486, 1.0243902439024388
            ],
            "y": [-0.67985337]
        }, {
            "x": [
                0.0, 0.7235, 1.1,
                0.0, 1.75, 1.0,
                0.0, 0.7100000000000001, 1.2,
                0.0, 1.8751000000000004, 1.1,
                0.0, 1.37549800000004, 1.0,
                0.0, 1.4900000000000004, 1.2,
                0.0, 1.3000000000000005, 1.2222222222222223,
                0.0, 1.2000000000000004, 1.0,
                0.0, 1.3000000000000005, 1.2,
                0.0, 0.4000000000000004, 1.1
            ],
            "y": [-0.89747993]
        }, {
            "x": [
                0.0, 1.0000000000000004, 1.1764705882352942,
                2.2204460492498082e-16, 1.0000000000000002, 1.111111111111111,
                0.0, 1.0000000000000004, 1.1764705882352942,
                0.0, 1.0000000000000004, 1.1764705882352942,
                0.0, 1.0000000000000002, 1.0,
                0.0, 1.0000000000000002, 1.0526315789473684,
                0.0, 1.0000000000000002, 1.0526315789473684,
                2.2204460492498082e-16, 1.0000000000000002, 1.111111111111111,
                2.2204460492498082e-16, 1.0000000000000002, 1.111111111111111,
                0.0, 1.0000000000000002, 1.0526315789473684
            ],
            "y": [-1.92024936]
        }, {
            "x": [
                0.0, 1.956, 1.25,
                0.0, 1.6580000000000001, 2.5,
                0.0, 1.7460000000000002, 1.25,
                0.0, 1.7890000000000001, 1.2499999999999998,
                0.0, 1.7560000000000002, 1.25,
                0.0, 1.589, 1.25,
                0.0, 1.486, 1.25,
                0.0, 1.325, 1.25,
                0.0, 1.1570000000000003, 1.6666666666666667,
                0.0, 0.35000000000000003, 1.0
            ],
            "y": [0.36177754]
        }
    ],
    "names": [
        "latency_inflation_1", "latency_ratio_1", "send_ratio_1",
        "latency_inflation_2", "latency_ratio_2", "send_ratio_2",
        "latency_inflation_3", "latency_ratio_3", "send_ratio_3",
        "latency_inflation_4", "latency_ratio_4", "send_ratio_4",
        "latency_inflation_5", "latency_ratio_5", "send_ratio_5",
        "latency_inflation_6", "latency_ratio_6", "send_ratio_6",
        "latency_inflation_7", "latency_ratio_7", "send_ratio_7",
        "latency_inflation_8", "latency_ratio_8", "send_ratio_8",
        "latency_inflation_9", "latency_ratio_9", "send_ratio_9",
        "latency_inflation_10", "latency_ratio_10", "send_ratio_10"
    ],
    "historys": [10, 10, 10],
    "types": 3,
    "bounds": [
        [-0.6489687201481513, 0.3021748826813146], [0.0, 10.67497800727898], [0.3809523809523809, 11.9],
        [-0.6489687201481513, 0.3021748826813146], [0.0, 10.67497800727898], [0.3809523809523809, 11.9],
        [-0.6489687201481513, 0.3021748826813146], [0.0, 10.67497800727898], [0.3809523809523809, 11.9],
        [-0.6489687201481513, 0.3021748826813146], [0.0, 10.67497800727898], [0.3809523809523809, 11.9],
        [-0.6489687201481513, 0.3021748826813146], [0.0, 10.67497800727898], [0.3809523809523809, 11.9],
        [-0.6489687201481513, 0.3021748826813146], [0.0, 10.67497800727898], [0.3809523809523809, 11.9],
        [-0.6489687201481513, 0.3021748826813146], [0.0, 10.67497800727898], [0.3809523809523809, 11.9],
        [-0.6489687201481513, 0.3021748826813146], [0.0, 10.67497800727898], [0.3809523809523809, 11.9],
        [-0.6489687201481513, 0.3021748826813146], [0.0, 10.67497800727898], [0.3809523809523809, 11.9],
        [-0.6489687201481513, 0.3021748826813146], [0.0, 10.67497800727898], [0.3809523809523809, 11.9]
    ]
}