Feature,History,N(x)-y,Time,
[0],10,33.82847321,0.116490841,
[1],10,36.54287084,0.108079195,
[2],10,122.2022137,0.111771107,
